9783525557495;Vereinigte Evangelisch-Lutherische Kirche Deutschlands;Vorgeschichte;Deutschland;Landeskirche;Lutherische Kirche;Kooperation
9783525539576;keine Schlagworte bei DNB vorhanden
9783525710524;keine Schlagworte bei DNB vorhanden
9783525208670;Tannhäusersage;Rezeption;Literatur
9783525100295;Savoyen;Kirchenstaat;Savoyen;Heiliger Stuhl (Sancta Sedes);Diplomatie
9783525595152;Symbol;Kasualien;Gottesdienst;Evangelische Kirche
9783525550434;Makkabäer;Makkabäer (Buch), I. II.;Zeithintergrund
9783525543788;ISBN nicht bei DNB vorhanden
9783525764138;keine Schlagworte bei DNB vorhanden
9783525370001;Deutschland;Arzt;Berufsbild;Weltkrieg (1914-1918);Frankreich;Deutschland;Gesundheitsförderung;Gesundheitsverhalten;Weltkrieg (1914-1918);Frankreich;Deutschland;Sexualverhalten;Geschlechtskrankheit;Weltkrieg (1914-1918);Frankreich
9783525367087;Athen;Polis;Ehre;Demokratie
9783525614266;keine Schlagworte bei DNB vorhanden
9783525710159;ISBN nicht bei DNB vorhanden
9783525207918;Medien;Kultur
9783525301531;Lebenssinn
9783525710166;ISBN nicht bei DNB vorhanden
9783525613467;ISBN nicht bei DNB vorhanden
9783525315392;Innere Differenzierung
9783525702130;Bibelarbeit;Gemeindearbeit;Bibelarbeit;Religionsunterricht
9783525593622;Jesus Christus;Exegese;Theologie
9783525539583;Neues Testament;Gesetz (Theologie);Thora;Frühjudentum
9783525300183;Deutschland;Kultur
9783525491348;Jugend;Psychische Störung;Sozialpädagogische Betreuung
9783525358627;keine Schlagworte bei DNB vorhanden
9783525355374;ISBN nicht bei DNB vorhanden
9783525710555;keine Schlagworte bei DNB vorhanden
9783525261620;Mahāvadānasutra;Edition;Turfan-Texte
9783525604519;Naturerlebnis;Glaube;Praktische Theologie;Evangelische Theologie
9783525551875;keine Schlagworte bei DNB vorhanden
9783525310076;keine Schlagworte bei DNB vorhanden
9783525357156;Deutschland;Konsumgesellschaft;Politik;Weimarer Republik;Konsumgesellschaft;Politik
9783525610107;Mose, Biblische Person;Religionsunterricht;Grundschule
9783525355404;keine Schlagworte bei DNB vorhanden
9783525557600;Evangelische Kirche der Kirchenprovinz Sachsen;Kirchenleitung;Kirchenpolitik;Deutschland (DDR);Evangelische Kirche;Staat
9783525351925;Weber, Max;Religionssoziologie
9783525360354;keine Schlagworte bei DNB vorhanden
9783525613429;ISBN nicht bei DNB vorhanden
9783525530238;Psalmen;Herrlichkeit Gottes;Armut;Psalmen 113;Exegese
9783525874417;Luther, Martin;Christliche Ethik
9783525100479;ISBN nicht bei DNB vorhanden
9783525358900;Universität Göttingen;Humanwissenschaften
9783525633038;ISBN nicht bei DNB vorhanden
9783525572108;Liturgik;Evangelische Theologie;Liturgie;Evangelische Kirche
9783525630365;Fastenzeit;Andacht;Evangelische Kirche
9783525630334;Jugendgottesdienst;Jugendarbeit;Evangelische Kirche
9783525714010;ISBN nicht bei DNB vorhanden
9783525557716;Deutschland (Bundesrepublik);Protestantismus;Politik;Gewalt;Sozialer Wandel
9783525825389;keine Schlagworte bei DNB vorhanden
9783525776391;Menschenrecht;Evangelischer Religionsunterricht;Sekundarstufe 1
9783525540299;Jerusalem;Altes Testament;Biblische Archäologie
9783525543856;Mesopotamien;Relief;Gottesdarstellung
9783525615072;keine Schlagworte bei DNB vorhanden
9783525559062;ISBN nicht bei DNB vorhanden
9783525461662;keine Schlagworte bei DNB vorhanden
9783525300237;Latenz;Kultur;Geisteswissenschaften
9783525369340;ISBN nicht bei DNB vorhanden
9783525355473;Niedersächsisches Staatsarchiv Stade;Elbe-Weser-Gebiet;Bevölkerung
9783525300336;keine Schlagworte bei DNB vorhanden
9783525652619;keine Schlagworte bei DNB vorhanden
9783525340103;ISBN nicht bei DNB vorhanden
9783525550694;keine Schlagworte bei DNB vorhanden
9783525500057;keine Schlagworte bei DNB vorhanden
9783525701256;Nervensystem;Krankheit;Lernfähigkeit;Bildungsgang
9783525533970;Kolossai;Biblische Stätte;Biblische Archäologie;Kolossai;Paulus, Apostel, Heiliger;Kolosserbrief;Zeithintergrund
9783525633953;Bibel;Liebe;Meditation;Bibel;Hass;Meditation
9783525364239;Aufklärung
9783525501054;ISBN nicht bei DNB vorhanden
9783525252390;ISBN nicht bei DNB vorhanden
9783525543887;ISBN nicht bei DNB vorhanden
9783525100981;Pyrenäenfriede;Zeithintergrund;Geschichtswissenschaft
9783525580295;Jugendarbeit;Persönlichkeitsentwicklung;Berufsbildung;Evangelische Kirche
9783525259542;keine Schlagworte bei DNB vorhanden
9783525458075;ISBN nicht bei DNB vorhanden
9783525541029;Koptische Kirche;Ägypten;Christentum;Islam
9783525569986;Bayern;Juden;Handelsstraße;Flurnamenforschung;Kultur
9783525569528;Deutsche;Theologie;Methodist Episcopal Church;Deutsches Sprachgebiet;Methodismus;Theologie
9783525633878;keine Schlagworte bei DNB vorhanden
9783525776117;keine Schlagworte bei DNB vorhanden
9783525564554;Erfurt;Besetzung;Dreißigjähriger Krieg;Glaubenserfahrung;Religiöser Wandel
9783525259559;keine Schlagworte bei DNB vorhanden
9783525775585;ISBN nicht bei DNB vorhanden
9783525543917;Emar;Hethiter;Kultstein;Ritus
9783525503331;keine Schlagworte bei DNB vorhanden
9783525610404;Ethik;Alltag;Schüler;Sonderschule;Ethikunterricht
9783525480045;Zuhören
9783525620106;Glaube;Biografieforschung;Altenarbeit;Konfirmandenarbeit
9783525252710;ISBN nicht bei DNB vorhanden
9783525550106;Luther, Martin;Theologie;Reformation;Zur Mühlen, Karl-Heinz
9783525569504;Theologische Ethik
9783525300527;keine Schlagworte bei DNB vorhanden
9783525356005;keine Schlagworte bei DNB vorhanden
9783525615065;keine Schlagworte bei DNB vorhanden
9783525450116;Zeitwahrnehmung;Individualpsychologie
9783525563342;Gebet
9783525776506;ISBN nicht bei DNB vorhanden
9783525252499;Oppianus, Anazarbensis;Halieutica;Epos;Rezeption;Oppianus, Apamensis;Cynegetica;Epos;Rezeption
9783525458112;ISBN nicht bei DNB vorhanden
9783525543672;Ezechiel (Buch);Mesopotamien;Stadt;Klage (Religion);Ritus
9783525790175;keine Schlagworte bei DNB vorhanden
9783525370216;Deutschland;Sozialer Wandel;Sozialgeschichte;Geschichtswissenschaft
9783525602928;Meditation;Gottesdienst;Evangelische Kirche;Meditation;Gottesdienst;Evangelische Kirche
9783525558348;Grafschaft Sayn-Wittgenstein-Berleburg;Täufer;Radikaler Pietismus;Kirche der Brüder
9783525461792;ISBN nicht bei DNB vorhanden
9783525711040;keine Schlagworte bei DNB vorhanden
9783525402443;Kind;Jugend;Psychischer Konflikt;Retardation;OPD-KJ-2
9783525718278;keine Schlagworte bei DNB vorhanden
9783525101179;Flacius, Matthias;Theologie
9783525457559;ISBN nicht bei DNB vorhanden
9783525461563;ISBN nicht bei DNB vorhanden
9783525632079;Biblische Person;Frau;Biblische Person;Mann
9783525614099;ISBN nicht bei DNB vorhanden
9783525353097;keine Schlagworte bei DNB vorhanden
9783525701706;Integrationspädagogik;Inklusive Pädagogik;Unterrichtsmethode
9783525614792;ISBN nicht bei DNB vorhanden
9783525593608;Paulus, Apostel, Heiliger;Pastoralbriefe;Oikos;Metapher;Kirchliches Amt;Geschlechterrolle
9783525717530;keine Schlagworte bei DNB vorhanden
9783525593523;ISBN nicht bei DNB vorhanden
9783525363782;Geschichtsbewusstsein;Geschichtsschreibung
9783525536087;Lucianus, Antiochenus;Septuaginta;Redaktion
9783525790229;ISBN nicht bei DNB vorhanden
9783525652626;keine Schlagworte bei DNB vorhanden
9783525604267;Seligpreisung
9783525615546;Engel;Religionsunterricht;Sekundarstufe 1
9783525255261;ISBN nicht bei DNB vorhanden
9783525256565;Seneca, Lucius Annaeus, Philosophus;Epistulae morales ad Lucilium;Lateinunterricht;Gymnasium;Oberstufe
9783525252888;Nicarchus, Aegyptius;Epigrammata
9783525353912;ISBN nicht bei DNB vorhanden
9783525100639;Heiligkeit;Theologie;Heiligkeit;Begriff;Konfessionalisierung;Heiliger;Heilige;Märtyrer;Konfessionalisierung
9783525710449;keine Schlagworte bei DNB vorhanden
9783525403006;Führungskraft;Arbeitszufriedenheit;Lebensführung;Fachkraft;Arbeitszufriedenheit;Lebensführung
9783525458853;ISBN nicht bei DNB vorhanden
9783525101308;Theologie;Disziplin (Wissenschaft);Internationalisierung
9783525278222;ISBN nicht bei DNB vorhanden
9783525718308;keine Schlagworte bei DNB vorhanden
9783525304013;ISBN nicht bei DNB vorhanden
9783525538883;Griechenland (Altertum);Individuum;Gesellschaft;Recht;Deuteronomium
9783525702031;Hub, Ulrich;An der Arche um Acht;Theologie;Religionspädagogik
9783525614228;Kirchengeschichte;Evangelischer Religionsunterricht
9783525368404;Deutschland;Judenemanzipation;Verbürgerlichung
9783525257111;ISBN nicht bei DNB vorhanden
9783525300411;Deutschland (Bundesrepublik);Postüberwachung;Telefonüberwachung
9783525300145;Stein, Karl vom und zum;Rezeption;Geschichtsschreibung;Kollektives Gedächtnis
9783525450208;Lebenskrise;Bewältigung;Individualpsychologie
9783525825433;Kroatisch;Kroatisch;Literatur;Kroatien;Kultur
9783525570371;Universität Göttingen. Theologisches Stift;Theologiestudium;Universität Göttingen. Theologisches Stift;Evangelischer Theologe
9783525100806;Marcion, Sinopensis
9783525208687;keine Schlagworte bei DNB vorhanden
9783525718209;keine Schlagworte bei DNB vorhanden
9783525360675;Machiavelli, Niccolò;Diskurs;Begriff;Rezeption;Savoyen;Hugenottenkriege;Südwestdeutschland;Propaganda;Hugenottenkriege
9783525825303;Tobit (Buch);Synopse
9783525581704;Lehrerpersönlichkeit;Spiritualität
9783525340325;Metapher;Allegorie;Literatur;Symbol;Literatur
9783525310403;Großmacht
9783525710845;Englischunterricht;Unterrichtsmethode;Lateinunterricht
9783525633809;keine Schlagworte bei DNB vorhanden
9783525261378;ISBN nicht bei DNB vorhanden
9783525016251;Apostolisches Glaubensbekenntnis
9783525553008;Flacius, Matthias;Flugschrift;Reformation;Autorität;Evangelische Theologie
9783525614204;Evangelische Theologie;Evangelischer Religionsunterricht
9783525461099;ISBN nicht bei DNB vorhanden
9783525710128;ISBN nicht bei DNB vorhanden
9783525602898;ISBN nicht bei DNB vorhanden
9783525543597;Enmerkar und der Herr von Aratta
9783525710364;ISBN nicht bei DNB vorhanden
9783525775677;keine Schlagworte bei DNB vorhanden
9783525825396;Arabisch;Genus verbi;Partizip
9783525252444;Plato;Timaeus
9783525369821;Galizien;Sozialer Wandel;Agrargesellschaft;Nationalbewusstsein
9783525572085;ISBN nicht bei DNB vorhanden
9783525540398;Richter (Buch);Hexateuch;Deuteronomistisches Geschichtswerk;Redaktion;Literarkritik
9783525633892;Säugling;Christliche Existenz;Meditation
9783525370032;Deutschland;Unternehmen;Organisation
9783525615928;Theodizee;Religionspädagogik;Leid;Gotteserfahrung;Schüler;Religionsunterricht;Projekt
9783525561362;Gemeinsame Erklärung zur Rechtfertigungslehre;Entstehung;Gemeinsame Erklärung zur Rechtfertigungslehre;Rezeption
9783525461624;Teamwork;Teamfähigkeit;Übungsprogramm
9783525543894;Ägypten (Altertum);Kunst
9783525825181;ISBN nicht bei DNB vorhanden
9783525580035;Evangelischer Religionsunterricht
9783525461747;Deutschland;Kinderpsychiatrie;Deutschland;Jugendpsychiatrie;Deutschland;Kinderpsychiatrie;Deutschland;Jugendpsychiatrie
9783525365182;ISBN nicht bei DNB vorhanden
9783525503379;keine Schlagworte bei DNB vorhanden
9783525580134;Kinderliteratur;Jugendliteratur;Religionsunterricht
9783525580424;Schulpastoral;Evangelische Kirche
9783525369142;keine Schlagworte bei DNB vorhanden
9783525403440;Deutschland;Lehrer;Gesundheit
9783525310106;keine Schlagworte bei DNB vorhanden
9783525100325;Deutschland;Flugschrift;Feindbild;Ausland
9783525615324;Gebet;Christliche Erziehung;Kindergarten;Kindergebet;Eltern
9783525259504;keine Schlagworte bei DNB vorhanden
9783525100448;ISBN nicht bei DNB vorhanden
9783525367889;Max-Planck-Institut für Gesellschaftsforschung
9783525633700;keine Schlagworte bei DNB vorhanden
9783525550274;Dedeken, Georg;Thesaurus consiliorum et decisionum;Ehescheidung;Wiederverheiratung;Sittliche Erziehung;Gewissensbildung;Kasuistik;Lutherische Orthodoxie
9783525543726;Mesopotamien;Rollsiegel;Text;Bild
9783525559086;ISBN nicht bei DNB vorhanden
9783525351819;ISBN nicht bei DNB vorhanden
9783525776155;Judentum;Religionsunterricht;Schuljahr 5-7;Christentum;Interreligiöses Lernen;Judentum;Religionsunterricht;Schuljahr 5-7
9783525326008;Faschismus;Nationalsozialismus;Sowjetunion;Kommunismus;Totalitarismus
9783525538876;Johannesevangelium;Theologia crucis;Johannesevangelium;Christologie;Eschatologie
9783525776865;keine Schlagworte bei DNB vorhanden
9783525551004;Voet, Gijsbert;Reformierte Theologie;Gotteslehre
9783525404522;Philosophische Praxis
9783525303269;ISBN nicht bei DNB vorhanden
9783525710838;keine Schlagworte bei DNB vorhanden
9783525361979;ISBN nicht bei DNB vorhanden
9783525461068;ISBN nicht bei DNB vorhanden
9783525620069;Evangelisches Gesangbuch (Werk);Kirchenlied;Liedpredigt
9783525710401;Latein;Deklination;Lateinunterricht
9783525205969;Deutsch;Literatur;Religiosität;Deutschland;Ästhetik;Religion;Klopstock, Friedrich Gottlieb;Poetik;Herder, Johann Gottfried von;Poetik
9783525350904;Juden
9783525461631;ISBN nicht bei DNB vorhanden
9783525369319;ISBN nicht bei DNB vorhanden
9783525530634;keine Schlagworte bei DNB vorhanden
9783525351963;Franken;Konfessionalisierung;Religiöses Leben;Franken;Religiosität;Alltagskultur
9783525355442;Niedersächsisches Hauptstaatsarchiv;Fürstentum Calenberg;Bevölkerung;Niedersächsisches Hauptstaatsarchiv;Fürstentum Lüneburg;Bevölkerung;Niedersächsisches Hauptstaatsarchiv;Hochstift Hildesheim;Bevölkerung;Niedersächsisches Hauptstaatsarchiv;Grafschaft Hoya;Bevölkerung;Niedersächsisches Hauptstaatsarchiv;Grafschaft Diepholz;Bevölkerung
9783525461730;Krankheit;Systemische Familientherapie
9783525352045;ISBN nicht bei DNB vorhanden
9783525570326;Yoder, John Howard;Täufer;Pazifismus;Ökumene;Evangelische Theologie
9783525572146;ISBN nicht bei DNB vorhanden
9783525255216;ISBN nicht bei DNB vorhanden
9783525391617;ISBN nicht bei DNB vorhanden
9783525717073;ISBN nicht bei DNB vorhanden
9783525554487;ISBN nicht bei DNB vorhanden
9783525402276;Kind;Jugend;Trauerarbeit;Familie;Begleitung (Psychologie)
9783525538807;ISBN nicht bei DNB vorhanden
9783525874394;ISBN nicht bei DNB vorhanden
9783525567005;Spiritualität;Evangelische Theologie;Spiritualität;Evangelische Kirche;Spiritualität
9783525711019;keine Schlagworte bei DNB vorhanden
9783525511282;keine Schlagworte bei DNB vorhanden
9783525630594;Bibel;Gebet;Kirchenjahr;Gottesdienst;Evangelische Kirche
9783525614808;ISBN nicht bei DNB vorhanden
9783525615805;Religionsunterricht;Schuljahr 5-6
9783525458105;ISBN nicht bei DNB vorhanden
9783525718223;keine Schlagworte bei DNB vorhanden
9783525630068;Kirchliche Kinderarbeit;Kindergottesdienst;Evangelische Kirche
9783525252833;Polis;Orakel;Soziales Handeln;Apollon;Klaros;Kult;Divination;Didyma
9783525718186;keine Schlagworte bei DNB vorhanden
9783525710470;Lateinunterricht;Unterrichtsmethode
9783525550083;Schmitz, Elisabeth
9783525630563;keine Schlagworte bei DNB vorhanden
9783525610022;ISBN nicht bei DNB vorhanden
9783525825457;Europa;Kulturzeitschrift;Grenzüberschreitung
9783525825228;keine Schlagworte bei DNB vorhanden
9783525595312;keine Schlagworte bei DNB vorhanden
9783525252963;Valerius Flaccus Setinus Balbus, Gaius;Argonautica;Erzähltechnik
9783525252741;keine Schlagworte bei DNB vorhanden
9783525278215;ISBN nicht bei DNB vorhanden
9783525825518;Bramsche-Kalkriese;Lokalisation;Varusschlacht;Funde
9783525630471;Bildpredigt;Evangelische Kirche
9783525367155;Deutsch;Verb;bekehren (Wort);Etymologie
9783525716243;keine Schlagworte bei DNB vorhanden
9783525614150;Evangelische Kirche;Säkularisierung;Evangelischer Religionsunterricht;Sekundarstufe 2
9783525351796;ISBN nicht bei DNB vorhanden
9783525404638;Vorschulkind;Alleinerziehende Mutter;Affektive Bindung;Verhaltenstraining;Elternbildung;Gruppenarbeit;Vorschulkind;Alleinerziehende Mutter;Affektive Bindung;Verhaltenstraining;Elternbildung;Gruppenarbeit;Vorlage
9783525100820;ISBN nicht bei DNB vorhanden
9783525872413;Deutschland;Russlanddeutsche;Aussiedler;Soziale Integration;Evangelische Kirche
9783525101223;Osteuropa;Russifizierung
9783525208564;Hippokratischer Eid;Medizinische Ethik
9783525717103;Pico della Mirandola, Giovanni;De hominis dignitate;Lateinunterricht
9783525560150;Antitrinitarismus;Tritheismus;Reformation;Kontroverse
9783525633939;Glaube;Evangelische Kirche;Meditation
9783525363720;keine Schlagworte bei DNB vorhanden
9783525255285;ISBN nicht bei DNB vorhanden
9783525355824;Garten (Motiv);Literatur;Garten;Institutionalisierung
9783525580189;keine Schlagworte bei DNB vorhanden
9783525362693;ISBN nicht bei DNB vorhanden
9783525461556;ISBN nicht bei DNB vorhanden
9783525360736;Deutschland;Fürst;Testament;Politische Kommunikation;Generationsbeziehung
9783525570395;keine Schlagworte bei DNB vorhanden
9783525560075;Tolstoj, Lev Nikolaevic;Theologie;Religion;Philosophie;Rezeption
9783525358504;Europa;Korruption;Kultur
9783525315163;Konfliktregelung;Mediation;Schule
9783525825051;Akademie der Wissenschaften zu Göttingen;Preußische Akademie der Wissenschaften;Akademie der Wissenschaften;Entstehung
9783525581742;Matthäusevangelium;Religionsunterricht
9783525351383;Reichsarbeitsdienst;Arbeitsmarktpolitik;USA. Civilian Conservation Corps
9783525490808;Augenbewegungs-Desensibilisierung
9783525365205;ISBN nicht bei DNB vorhanden
9783525710067;keine Schlagworte bei DNB vorhanden
9783525718292;keine Schlagworte bei DNB vorhanden
9783525825266;Lamormain, Guillaume Germé de;Ferdinandi II. Romanorum Imperatoris virtutes;Übersetzung;Kajkavisch;Rattkay, György;Kripozti Ferdinanda II.
9783525825426;Deutschland;König;Absetzung;Reichsverfassung
9783525510070;Paulus, Apostel, Heiliger;Briefe;Koran;Interreligiöser Dialog;Exegese
9783525764053;Schuld;Ethikunterricht;Schuljahr 9
9783525100264;Musaeus, Johannes;Ekklesiologie;Ekklesiologie;Lutherische Orthodoxie;Kontroverstheologie;Ekklesiologie;Lutherische Orthodoxie;Unionsbestrebungen;Kirche;Einheit;Lutherische Orthodoxie
9783525717011;ISBN nicht bei DNB vorhanden
9783525543931;Alter Orient;Rollsiegel;Porada, Edith
9783525355398;ISBN nicht bei DNB vorhanden
9783525101049;Spanien;Liberalismus
9783525717189;Latein;Rhetorik;Lateinunterricht
9783525360699;Großbritannien;Außenpolitik;Marinepolitik;Russland;Deutschland;Marinepolitik;Entente;Weltkrieg (1914-1918);Vorgeschichte
9783525710050;keine Schlagworte bei DNB vorhanden
9783525207901;ISBN nicht bei DNB vorhanden
9783525539774;Neues Testament;Exegese;Urchristentum;Religionsgeschichtliche Schule
9783525614174;keine Schlagworte bei DNB vorhanden
9783525630389;Passion Jesu;Osterzeit;Gottesdienst;Predigt;Evangelische Kirche
9783525252598;Sextus, Empiricus;Skepsis;Sextus, Empiricus;Skeptiker
9783525101292;Togo;Neuguinea;Dienerinnen des Heiligen Geistes;Mission
9783525401958;Kinderpsychotherapie;Jugendpsychotherapie;Systemische Therapie
9783525825402;Hupfeld, Hermann
9783525367377;Massenmedien;Kriegsberichterstattung
9783525458686;ISBN nicht bei DNB vorhanden
9783525600108;keine Schlagworte bei DNB vorhanden
9783525569832;Naturwissenschaften;Weltbild;Dynamisierung
9783525501658;Religionswissenschaft;Religion;Vergleichende Religionswissenschaft
9783525568521;Kirchenbau;Architektur;Praktische Theologie
9783525100660;Frömmigkeit;Reformation;Frömmigkeit;Katholische Erneuerung;Frömmigkeit
9783525702154;Religionsunterricht
9783525701775;ISBN nicht bei DNB vorhanden
9783525554500;Ökumenische Theologie;Ökumenische Bewegung;Theologe
9783525358610;Köln;Bruderschaft
9783525550618;Heiligung;Gottesbeziehung;Mystik;Evangelische Theologie
9783525358597;keine Schlagworte bei DNB vorhanden
9783525401552;Psychologische Beratung;Systemische Therapie;Tiere;Figur
9783525100912;Religion;Friedensethik;Religion;Politischer Konflikt;Friedenspolitik
9783525790205;Zahl;Mathematikunterricht;Schuljahr 1-2
9783525710081;ISBN nicht bei DNB vorhanden
9783525370087;Großbritannien;Marktwirtschaft;Wirtschaftsentwicklung
9783525310069;keine Schlagworte bei DNB vorhanden
9783525710357;ISBN nicht bei DNB vorhanden
9783525100400;Borghese, Scipione;Protektorat (Kirchenrecht);Kirchenpolitik
9783525773024;keine Schlagworte bei DNB vorhanden
9783525660003;Gottesvorstellung;Evangelische Theologie
9783525623770;Persönlichkeit;Gottesvorstellung;Pastoralpsychologie;Evangelische Theologie;Persönlichkeit;Gottesvorstellung;Praktische Theologie;Evangelische Theologie;Gottesvorstellung;Objektbeziehung;Religionspsychologie
9783525355411;keine Schlagworte bei DNB vorhanden
9783525355800;Kollektives Gedächtnis;Vergessen;Erinnerung;Kultur
9783525710760;ISBN nicht bei DNB vorhanden
9783525550533;Althaus, Paul
9783525556085;ISBN nicht bei DNB vorhanden
9783525538838;ISBN nicht bei DNB vorhanden
9783525491508;Schweiz;Auslandstätigkeit;Geschäftsverbindung;Interkulturelles Verstehen;Polen
9783525491263;SOC
9783525503232;ISBN nicht bei DNB vorhanden
9783525261590;ISBN nicht bei DNB vorhanden
9783525370100;Kunzelmann, Dieter
9783525451717;Selbst;Person;Authentizität;Philosophie;Selbstbild;Psychologie
9783525543849;Levante;Eisenzeit;Schmuck;Funde
9783525522028;keine Schlagworte bei DNB vorhanden
9783525717349;ISBN nicht bei DNB vorhanden
9783525367575;Deutschland;Vertriebener;Soziale Integration
9783525630488;Lesepredigt;Gottesdienst;Evangelische Kirche;Perikope;Gottesdienst;Evangelische Kirche
9783525825198;ISBN nicht bei DNB vorhanden
9783525365175;ISBN nicht bei DNB vorhanden
9783525611050;Lehramt;Vorbereitungsdienst
9783525300633;Max-Planck-Institut für Geschichte (Göttingen)
9783525551981;Deutschland;Universität;Luthertum;Reformation;Jubiläum
9783525530641;Samuel (Buch), I.;Exegese
9783525565490;ISBN nicht bei DNB vorhanden
9783525536148;Jesaja (Buch 40-66);Exegese
9783525570081;Helfende Beziehung;Der Andere;Achtung;Evangelische Soziallehre
9783525558546;keine Schlagworte bei DNB vorhanden
9783525457498;ISBN nicht bei DNB vorhanden
9783525610145;Evangelische Theologie;Evangelischer Religionsunterricht;Evangelische Theologie;Lehramtsstudium
9783525362723;Deutschland;Kriegsverbrecherprozess;Weibliche Angeklagte;Geschlechterstereotyp
9783525624289;Gefühl;Religion;Pastoraltheologie
9783525630310;Kindergottesdienst;Evangelische Kirche
9783525355732;ISBN nicht bei DNB vorhanden
9783525714034;ISBN nicht bei DNB vorhanden
9783525717516;keine Schlagworte bei DNB vorhanden
9783525530443;ISBN nicht bei DNB vorhanden
9783525764145;keine Schlagworte bei DNB vorhanden
9783525800010;ISBN nicht bei DNB vorhanden
9783525351987;keine Schlagworte bei DNB vorhanden
9783525257586;Vesuv;Eruption;Pompeji;Rezeption;Künste
9783525633205;Glaube;Kinderfrage;Christliche Erziehung;Evangelische Kirche
9783525776452;keine Schlagworte bei DNB vorhanden
9783525718261;keine Schlagworte bei DNB vorhanden
9783525776209;keine Schlagworte bei DNB vorhanden
9783525559055;ISBN nicht bei DNB vorhanden
9783525400036;Unterrichtsform
9783525490044;ISBN nicht bei DNB vorhanden
9783525503300;keine Schlagworte bei DNB vorhanden
9783525462393;ISBN nicht bei DNB vorhanden
9783525620113;Evangelische Religionspädagogik
9783525613887;ISBN nicht bei DNB vorhanden
9783525595374;Bibel;Gottesdienst;Evangelische Kirche;Bibel;Evangelische Kirche;Predigt
9783525252703;ISBN nicht bei DNB vorhanden
9783525461709;ISBN nicht bei DNB vorhanden
9783525716274;keine Schlagworte bei DNB vorhanden
9783525367117;Latein;Handschrift;Astronomie;Diagramm
9783525825174;ISBN nicht bei DNB vorhanden
9783525530115;keine Schlagworte bei DNB vorhanden
9783525014707;Eltern;Kind;Verhaltensstörung;Erziehungsberatung;Eltern;Kind;Verhaltensstörung;Erziehungsberatung
9783525351857;Deutschland;Agrargesellschaft;Frankreich;Agrargesellschaft
9783525363829;Osteuropa;Juden
9783525871959;Christliche Ethik;Ökumenische Theologie;Christliche Sozialethik;Ökumenische Theologie
9783525614778;ISBN nicht bei DNB vorhanden
9783525872406;Unierte Ostkirche
9783525461952;Erstgespräch;Systemische Therapie
9783525539989;ISBN nicht bei DNB vorhanden
9783525872031;Christologie
9783525402306;Gruppentherapie;Psychoanalytische Gruppentherapie
9783525370209;Deutschland;Kriegsbeschädigung;Psychische Störung;Entschädigungsanspruch;Anerkennung;Sozialpolitik;Kriegsopferversorgung;Entscheidungsträger;Rechtswissenschaft;Medizin;Deutungsmuster
9783525604496;Skandinavien;Säkularismus;Lutherische Kirche;Recht;Gesellschaft
9783525355381;ISBN nicht bei DNB vorhanden
9783525358542;Harnack, Adolf von
9783525857960;Deutschland;Föderalismus;Verkehrspolitik
9783525615096;keine Schlagworte bei DNB vorhanden
9783525764039;Humangenetik;Ethikunterricht;Schuljahr 10
9783525539651;Lukasevangelium, 1,1-2,40;Sozialethik;Menippea;Lukasevangelium, 1,1-2,40;Exegese
9783525624227;Hirnschädigung;Seelsorge;Praktische Theologie;Evangelische Theologie
9783525624272;Predigt;Homiletik;Evangelische Theologie
9783525457405;ISBN nicht bei DNB vorhanden
9783525461570;ISBN nicht bei DNB vorhanden
9783525369678;Drittes Reich;Siedlungspolitik;Polen;Besetzte Gebiete;Europa;Deutsche;Nationale Minderheit;Umsiedlung;Rassenhygiene
9783525310243;Hertz, Aleksander;Totalitarismus
9783525256596;Catullus, Gaius Valerius;Carmina;Lateinunterricht
9783525368008;Bürgerliche Gesellschaft;Demokratie;Verein;Internationaler Vergleich
9783525370179;Deutschland;Industrialisierung;Lebensmittelqualität;Regulierung;Deutschland;Lebensmittelqualität;Nichtstaatlicher Akteur;Normung;Gesetzgebung
9783525641972;keine Schlagworte bei DNB vorhanden
9783525826515;keine Schlagworte bei DNB vorhanden
9783525602430;ISBN nicht bei DNB vorhanden
9783525615317;Christliche Erziehung;Kindergarten
9783525717332;ISBN nicht bei DNB vorhanden
9783525252772;keine Schlagworte bei DNB vorhanden
9783525581803;keine Schlagworte bei DNB vorhanden
9783525717318;keine Schlagworte bei DNB vorhanden
9783525536100;Genesis;Geografischer Name
9783525610411;Abrahamsgeschichte;Religionsunterricht;Grundschule
9783525360248;Deutschland;Geschichtsschreibung
9783525633946;Bibel;Sünde;Gerechtigkeit
9783525451106;Affektpsychose;Psychodynamik;Analytische Therapie (C.G.Jung)
9783525710432;keine Schlagworte bei DNB vorhanden
9783525460252;Fokaltherapie
9783525530023;ISBN nicht bei DNB vorhanden
9783525858547;keine Schlagworte bei DNB vorhanden
9783525580394;ISBN nicht bei DNB vorhanden
9783525614235;Christliche Ethik;Evangelischer Religionsunterricht
9783525770061;keine Schlagworte bei DNB vorhanden
9783525368411;Württemberg;Bürgertum;Pietismus;Alltag;Frömmigkeit
9783525581797;ISBN nicht bei DNB vorhanden
9783525300077;Weltgeschichte;Geschichtsdenken
9783525358795;Schleswig-Holstein (Nord);Marschland;Deichbau;Sozialer Konflikt;Schleswig-Holstein (Nord);Küstengebiet;Bewohner;Mentalität;Lebenswelt
9783525512265;Amos (Buch)
9783525610176;keine Schlagworte bei DNB vorhanden
9783525554531;Kirchengeschichte
9783525623961;Chalmers, Thomas;Christliche Sozialethik;Reformierte Theologie;Diakonie;Freikirche
9783525710876;keine Schlagworte bei DNB vorhanden
9783525450215;Kind;Jugend;Virtuelle Realität;Neue Medien;Psychische Entwicklung;Sozialverhalten;Psychotherapie;Erwachsener;Virtuelle Realität;Neue Medien;Online-Sucht;Sozialverhalten;Psychotherapie
9783525100707;Stein, Karl vom und zum
9783525613276;ISBN nicht bei DNB vorhanden
9783525556092;ISBN nicht bei DNB vorhanden
9783525539736;keine Schlagworte bei DNB vorhanden
9783525581711;Evangelischer Religionsunterricht;Fachdidaktik;Evangelischer Religionsunterricht;Sekundarstufe
9783525461815;Kreativität;Psychoanalyse
9783525595206;Osterzeit;Gottesdienst;Evangelische Kirche
9783525775684;keine Schlagworte bei DNB vorhanden
9783525642023;ISBN nicht bei DNB vorhanden
9783525300367;Göttingen;Historische Persönlichkeit
9783525710371;ISBN nicht bei DNB vorhanden
9783525613696;ISBN nicht bei DNB vorhanden
9783525776650;keine Schlagworte bei DNB vorhanden
9783525539514;ISBN nicht bei DNB vorhanden
9783525252451;Sophocles;Antigone 332-375;Griechenland (Altertum);Kultur;Entstehung
9783525369852;Dubnov, Semen M.;Geschichtsdenken;Judentum
9783525717578;ISBN nicht bei DNB vorhanden
9783525825259;Nehemia (Buch);Textkritik;Nehemia (Buch);Textgeschichte;Esra (Buch);Nehemia (Buch);Textkritik
9783525490747;Seele
9783525370148;Deutschland (Bundesrepublik);Politische Kommunikation;Diskussion;Argumentation;Kultur
9783525710531;keine Schlagworte bei DNB vorhanden
9783525370025;Deutschland;Vereinsleben;Großbritannien
9783525710173;ISBN nicht bei DNB vorhanden
9783525358085;Fleckenstein, Josef
9783525365199;keine Schlagworte bei DNB vorhanden
9783525315378;Selbstgesteuertes Lernen;Portfolio (Pädagogik)
9783525776490;ISBN nicht bei DNB vorhanden
9783525367308;Weltgeschichte;Gemeinschaft;Spaltung;Weltanschauung;Auszug ausÄgypten;Monotheismus;Entstehung;Jesus Christus;Christentum;Entstehung;Deutschland;Reformation;Großbritannien;Politisches System;USA;Verfassung, 1787;Repräsentative Demokratie;Russland;Intellektueller;Sozialismus
9783525773017;keine Schlagworte bei DNB vorhanden
9783525563366;Macht;Gotteslehre;Evangelische Theologie;Gottesvorstellung;Polytheismus;Dogmatik;Evangelische Kirche
9783525350867;Heine, Heinrich;Kafka, Franz;Celan, Paul;Gleichnis
9783525310113;keine Schlagworte bei DNB vorhanden
9783525539606;Lukanisches Doppelwerk;Apotheose
9783525351994;Frankreich;Gruppenbildnis;Gelehrter;Repräsentation (Soziologie);Italien
9783525208625;Lyrik
9783525310052;keine Schlagworte bei DNB vorhanden
9783525259511;keine Schlagworte bei DNB vorhanden
9783525513613;Apostelgeschichte
9783525100356;keine Schlagworte bei DNB vorhanden
9783525360330;ISBN nicht bei DNB vorhanden
9783525612675;ISBN nicht bei DNB vorhanden
9783525613870;ISBN nicht bei DNB vorhanden
9783525874424;ISBN nicht bei DNB vorhanden
9783525355855;Gedächtnis;Forschung;Erinnerung;Kultur;Kollektives Gedächtnis;Wissensorganisation
9783525480038;ISBN nicht bei DNB vorhanden
9783525551998;keine Schlagworte bei DNB vorhanden
9783525775615;keine Schlagworte bei DNB vorhanden
9783525503263;ISBN nicht bei DNB vorhanden
9783525613962;ISBN nicht bei DNB vorhanden
9783525516799;ISBN nicht bei DNB vorhanden
9783525610220;Film;Evangelischer Religionsunterricht;Sekundarstufe 1
9783525825167;ISBN nicht bei DNB vorhanden
9783525624005;Wochenspruch;Evangelische Kirche;Wochenspruch;Gottesdienst;Evangelische Kirche
9783525770078;keine Schlagworte bei DNB vorhanden
9783525351956;Europa;Eheschließung
9783525790151;USA;Drama;Englischunterricht;Sekundarstufe 2
9783525355459;Niedersächsisches Staatsarchiv Wolfenbüttel
9783525790281;keine Schlagworte bei DNB vorhanden
9783525501467;Theologie
9783525558539;Paulus, Beate;Württemberg;Pietismus
9783525530467;Pyramidentexte;Jenseitsglaube;Pharao;Feind
9783525580264;Small Talk;Seelsorge;Gemeindearbeit;Evangelische Kirche
9783525369326;ISBN nicht bei DNB vorhanden
9783525710913;keine Schlagworte bei DNB vorhanden
9783525616130;Schulpastoral
9783525257319;Griechenland (Altertum)
9783525256541;ISBN nicht bei DNB vorhanden
9783525543702;Psalmen;Zorn Gottes
9783525351734;ISBN nicht bei DNB vorhanden
9783525259528;keine Schlagworte bei DNB vorhanden
9783525558317;Meyer, Ursula;Pietismus;Ekstase;Inspirationsgemeinde
9783525710869;keine Schlagworte bei DNB vorhanden
9783525259566;keine Schlagworte bei DNB vorhanden
9783525825310;Weber, Max;Altertum;Wirtschaft
9783525580356;keine Schlagworte bei DNB vorhanden
9783525530795;keine Schlagworte bei DNB vorhanden
9783525776230;Bibel;Religionsunterricht;Grundschule
9783525350522;Ostblock;Entstalinisierung
9783525521731;ISBN nicht bei DNB vorhanden
9783525538890;Neues Testament;Theologische Ethik;Paulus, Apostel, Heiliger;Briefe;Kreuzigung Jesu;Theologia crucis
9783525701027;Lehrer;Psychosomatik;Körpererfahrung;Lehrer;Gesunde Lebensführung
9783525558324;Zinzendorf, Nikolaus Ludwig von
9783525490884;keine Schlagworte bei DNB vorhanden
9783525534472;keine Schlagworte bei DNB vorhanden
9783525209462;Johnson, Uwe
9783525252635;Schlacht von Marathon;Griechenland (Altertum);Geschichtsbewusstsein;Platää / Schlacht (479 v. Chr.);Griechenland (Altertum);Geschichtsbewusstsein
9783525776339;Englischunterricht
9783525573075;Jesus Christus;Geschichtlichkeit;Logienquelle;Christologie
9783525351789;ISBN nicht bei DNB vorhanden
9783525252734;keine Schlagworte bei DNB vorhanden
9783525717042;ISBN nicht bei DNB vorhanden
9783525710654;keine Schlagworte bei DNB vorhanden
9783525610428;Engel;Religionsunterricht;Grundschule
9783525580042;Grenzsituation (Motiv);Film;Religion;Film;Religionsunterricht;Film;Schulgottesdienst
9783525530498;Bethel;Biblische Geografie;Bethel;Biblische Archäologie;Bethel;Altes Testament;Bethel;Heiligtum;Kult;Bethel;Kult;Theologie
9783525701591;keine Schlagworte bei DNB vorhanden
9783525825235;Timoleon;Korinth;Syrakus
9783525536025;Jahwe;Monotheismus;Altes Testament;Theologie
9783525595251;Weihnachten;Evangelische Kirche;Meditation;Epiphanie (Fest);Evangelische Kirche;Meditation
9783525560143;Pannenberg, Wolfhart;Systematische Theologie;Pannenberg, Wolfhart;Theologie;Pannenberg, Wolfhart
9783525600054;Söderblom, Nathan
9783525570074;Helfende Beziehung;Der Andere;Achtung;Evangelische Soziallehre
9783525358696;Bibliothek;Bibliotheksgeschichte (Fach);Methode;Bibliothek;Archivierung (Motiv)
9783525461549;ISBN nicht bei DNB vorhanden
9783525764008;Gerechtigkeit;Ethikunterricht;Schuljahr 9
9783525557396;Leipzig;Evangelische Kirche;Kirchenpolitik;Drittes Reich;Kirchenpolitik;Evangelische Kirche;Leipzig;Deutschland (DDR);Kirchenpolitik;Leipzig;Evangelische Kirche
9783525265345;Kommunikation;Sprache
9783525790168;Englischunterricht;Vorschulerziehung;Englischunterricht;Schuljahr 1-2
9783525100851;ISBN nicht bei DNB vorhanden
9783525557853;Deutsch;Geschichtsschreibung;Italien
9783525461990;Hysterie
9783525360729;Hampe, Karl
9783525630549;Senile Demenz;Altengottesdienst;Evangelische Kirche
9783525802014;ISBN nicht bei DNB vorhanden
9783525100455;ISBN nicht bei DNB vorhanden
9783525367063;Schweiz;Souveränität;Politische Identität
9783525718285;keine Schlagworte bei DNB vorhanden
9783525208403;Deutsch;Literatur;Antijudaismus;Romantik;Literatur;Antijudaismus;Deutsch
9783525543627;keine Schlagworte bei DNB vorhanden
9783525543924;Israel (Altertum);Sachkultur;Monotheismus
9783525461914;ISBN nicht bei DNB vorhanden
9783525570388;Reformation;Interkonfessionelles Gespräch
9783525370186;Namibia;Kolonialverwaltung;Strafrechtspflege;Kolonialrecht;Polizei;Rechtsstaatsprinzip
9783525536247;ISBN nicht bei DNB vorhanden
9783525538821;ISBN nicht bei DNB vorhanden
9783525208618;Deutsch;Prosa;Geschichte (Motiv);Kollektives Gedächtnis
9783525560044;Tolstoj, Lev Nikolaevic;Essay;Moral;Weisheit;Mystik
9783525350980;Judentum;Diaspora;Spätantike
9783525790199;ISBN nicht bei DNB vorhanden
9783525317051;Deutschland;Landwirtschaft;Verwissenschaftlichung
9783525614167;keine Schlagworte bei DNB vorhanden
9783525825112;ISBN nicht bei DNB vorhanden
9783525303276;keine Schlagworte bei DNB vorhanden
9783525258149;keine Schlagworte bei DNB vorhanden
9783525551950;Heshusen, Tilemann;Heshusen, Tilemann;Melanchthon, Philipp;Heshusen, Tilemann;Christologie
9783525593653;keine Schlagworte bei DNB vorhanden
9783525550519;Israel (Altertum);Judentum;Identität;Politische Einstellung;Großmacht;Fremdherrschaft
9783525368466;USA;Bürgertum;Sozialreform;Deutschland
9783525462133;Vorstellung;Hirnforschung
9783525776438;keine Schlagworte bei DNB vorhanden
9783525560167;Maior, Georg;Glaube;Gute Werke;Rechtfertigungslehre;Reformation;Kontroverse
9783525100677;Säkularisation;Säkularisation;Reichskirche;Reichsdeputationshauptschluss
9783525350805;Deutschland (DDR);Strafgefangener;Bausoldat;Arbeitszwang;Diskriminierung;Ost-West-Handel
9783525301418;Ressourcenökonomie;Umweltethik;Umwelterziehung
9783525261606;keine Schlagworte bei DNB vorhanden
9783525562253;ISBN nicht bei DNB vorhanden
9783525543719;Literatur;Held;Junger Mann (Motiv)
9783525358214;Deutschland;Geisteswissenschaften
9783525101353;Elisabeth I., England, Königin;Herrscherbild;England;Kollektives Gedächtnis
9783525490570;Deutschland;Kulturkontakt;Interkulturelles Management;Südafrika
9783525208571;Märchen
9783525710074;keine Schlagworte bei DNB vorhanden
9783525717271;Augustus, Römisches Reich, Kaiser;Res gestae;Lateinunterricht
9783525530627;Ägyptisch;Hieroglyphenschrift;Abydos (Ägypten);Hieroglyphe;Inschrift;Funde;Bilderschrift;Hochkultur
9783525717080;ISBN nicht bei DNB vorhanden
9783525100417;ISBN nicht bei DNB vorhanden
9783525404133;Jugend;Psychische Störung;Familie
9783525265413;keine Schlagworte bei DNB vorhanden
9783525563335;Deutschland;Pietismus;Autobiografie;Religiöse Erfahrung;Sinnkonstitution;Identität
9783525461723;ISBN nicht bei DNB vorhanden
9783525871904;ISBN nicht bei DNB vorhanden
9783525100554;ISBN nicht bei DNB vorhanden
9783525252468;Byzantinisches Reich;Katastrophe;Bevölkerung;Mentalität;Iustinianus I;Politisches Handeln;Katastrophe
9783525717301;keine Schlagworte bei DNB vorhanden
9783525610183;Jesus Christus;Religionsunterricht;Grundschule
9783525563380;Trinitätslehre;Ekklesiologie;Ökumenische Theologie;Evangelische Theologie
9783525370117;Großbritannien;Nationale Minderheit;Österreich-Ungarn
9783525562420;Schleiermacher, Friedrich;Brüdergemeine
9783525369555;Prag;Juden;Zionismus;Deutsch;Tschechisch;Kulturkontakt
9783525572245;ISBN nicht bei DNB vorhanden
9783525304327;Plato;Minos
9783525790212;Aufsatz;Deutschunterricht;Sekundarstufe 1
9783525353431;Aufklärung;Deutschland;Deutschland
9783525641996;ISBN nicht bei DNB vorhanden
9783525491454;Spanien;Führungskraft;Auslandstätigkeit;Interkulturelles Verstehen;Deutsche
9783525362129;ISBN nicht bei DNB vorhanden
9783525100929;Ferner Osten (Russland);Deutsche;Kulturkontakt;Ferner Osten (Russland);Expedition;Deutsche
9783525630099;Glaube;Kinderkatechese;Evangelische Kirche
9783525100486;ISBN nicht bei DNB vorhanden
9783525014172;Charakterkunde;Psychoanalyse
9783525358993;Deutschland;Universität;Wissenschaftskultur
9783525790090;keine Schlagworte bei DNB vorhanden
9783525510001;ISBN nicht bei DNB vorhanden
9783525825327;Türkisch;Wortbildung;Verbalsubstantiv;Lehnübersetzung;Sprachkontakt;Europa
9783525452363;Psychose;Kreativität
9783525310120;ISBN nicht bei DNB vorhanden
9783525358856;Protestantismus;Pietismus
9783525580387;ISBN nicht bei DNB vorhanden
9783525364215;Deutschland;Kultur
9783525623015;ISBN nicht bei DNB vorhanden
9783525255247;ISBN nicht bei DNB vorhanden
9783525580004;Konfirmandenunterricht;Konfirmandenarbeit
9783525458921;ISBN nicht bei DNB vorhanden
9783525858530;ISBN nicht bei DNB vorhanden
9783525717097;Philosophie;Lateinunterricht
9783525404379;Psychische Störung;Neurobiologie
9783525718254;keine Schlagworte bei DNB vorhanden
9783525770047;Evangelischer Religionsunterricht;Kreatives Schreiben
9783525252789;keine Schlagworte bei DNB vorhanden
9783525530610;Anat;Relief;Astarte;Relief;Qadesch;Relief;Aschirat;Relief
9783525550557;Jesaja (Buch);Exegese;Ursinus, Zacharias;Ursinus, Zacharias
9783525503317;keine Schlagworte bei DNB vorhanden
9783525530696;Septuaginta;Rezeption;Septuaginta;Sakralsprache;Hebraismus;Hadrianus, Antiochenus;Isagoge in sacras Scripturas;Sprachstil;Septuaginta
9783525558287;Müller, Christoph Gottlob;Müller, Christoph Gottlob;Deutschland;Methodismus
9783525252581;Cicero, Marcus Tullius;Philosophica;Zitat;Cicero, Marcus Tullius;Philosophica;Autor;Rezeption
9783525503256;ISBN nicht bei DNB vorhanden
9783525764015;Glück;Ethikunterricht
9783525615911;Prozess Jesu;Passion Jesu;Judentum
9783525874455;ISBN nicht bei DNB vorhanden
9783525580011;Sittliche Erziehung
9783525569702;Naturwissenschaften;Religion;Naturwissenschaften;Theologie
9783525716236;ISBN nicht bei DNB vorhanden
9783525367124;Mittelhochdeutsch;Schwankerzählung;Minne;Tausch (Motiv);Sachwert (Motiv);Mittelhochdeutsch;Schwankerzählung;Begierde (Motiv);Tausch (Motiv)
9783525717110;Lateinunterricht
9783525800072;ISBN nicht bei DNB vorhanden
9783525776216;Jona, Prophet;Religionsunterricht;Sekundarstufe 1
9783525100394;Frankreich;Französische Revolution;Klerus;Exil;Hochstift Münster (Westf)
9783525351864;Geschenk
9783525595121;Kindergottesdienst;Evangelische Kirche;Kleinkind
9783525595060;Familiengottesdienst;Evangelische Kirche
9783525642009;ISBN nicht bei DNB vorhanden
9783525776285;Josefserzählung;Religionsunterricht;Grundschule
9783525530450;Kohelet;Theologische Erkenntnistheorie;Altes Testament;Theologische Erkenntnistheorie
9783525543825;Mesopotamien;Göttin
9783525351901;Charles V., France, Roi;Höfische Kunst;Frankreich;Höfische Kunst
9783525403679;Familienbetrieb;Personalpolitik
9783525370230;Bezirk Stettin;Modernisierung;Schule;Infrastruktur;Zivilgesellschaft
9783525521427;keine Schlagworte bei DNB vorhanden
9783525522035;ISBN nicht bei DNB vorhanden
9783525369333;ISBN nicht bei DNB vorhanden
9783525256534;ISBN nicht bei DNB vorhanden
9783525581773;Wölfel, Ursula;Achtundzwanzig Lachgeschichten;Schulgottesdienst;Grundschule;Evangelische Kirche
9783525351888;Deutschland;Blutschutzgesetz;Deutschland;Rassenpolitik;Drittes Reich;Rassenpolitik
9783525710517;keine Schlagworte bei DNB vorhanden
9783525558423;Pietismus;Erweckungsbewegung;Geschichtstheologie;Eschatologie
9783525358559;Europa;Frömmigkeit;Devotio moderna
9783525100899;Institut für Europäische Geschichte
9783525652633;keine Schlagworte bei DNB vorhanden
9783525764046;Freundschaft;Ethikunterricht;Schuljahr 10;Liebe;Ethikunterricht;Schuljahr 10
9783525630341;Darstellendes Spiel;Jugendgottesdienst;Katholische Kirche
9783525572153;ISBN nicht bei DNB vorhanden
9783525358689;Text;Begriff
9783525550748;Reformation;Konfessionalisierung;Recht;Kirchenrecht;Naturrecht;Rechtsphilosophie;Reformation
9783525776193;Glaube;Evangelische Kirche;Evangelischer Religionsunterricht;Sekundarstufe 2;Luther, Martin;Kleiner Katechismus;Evangelischer Religionsunterricht;Sekundarstufe 2
9783525470077;Bosch, Hieronymus;Speise (Motiv)
9783525710616;keine Schlagworte bei DNB vorhanden
9783525531464;keine Schlagworte bei DNB vorhanden
9783525710807;keine Schlagworte bei DNB vorhanden
9783525623862;Telefonseelsorge
9783525323007;Nationalstaat
9783525610008;Evangelischer Religionsunterricht;Grundschule
9783525530665;Griechenland (Altertum);Vasenmalerei;Satyr
9783525534328;keine Schlagworte bei DNB vorhanden
9783525604359;Autonomer Roboter;Virtuelles Haustier;Mensch-Maschine-Kommunikation;Soziale Wahrnehmung;Praktische Theologie;Evangelische Theologie
9783525350942;Jüdische Philosophie
9783525403471;keine Schlagworte bei DNB vorhanden
9783525208540;Celan, Paul;Poetik
9783525369869;Odessa;Verein;Juden
9783525451113;Psychose;Psychoanalyse
9783525279120;Kloster Sankt Gallen;Kirchenmusik
9783525790182;ISBN nicht bei DNB vorhanden
9783525569795;Das Böse;Schöpfung;Evolution;Theodizee;Schöpfungslehre;Evolutionstheorie;Biologie;Theologische Anthropologie;Ethik
9783525630495;Konfirmation;Gottesdienst;Konfirmation
9783525530832;Alter Orient;Weiser;Altes Testament;Weisheitsliteratur;Autorschaft;Judentum;Gelehrter
9783525535332;Paulus, Apostel, Heiliger;Korintherbrief, II. (Paulus, Apostel, Heiliger);Exegese
9783525367223;England;Scham;Gesellschaft
9783525615331;Kirchenjahr;Christliche Erziehung;Kindergarten
9783525252840;Lucianus, Samosatensis;Rhetorum praeceptor
9783525633977;Lebensschutz;Lebenssinn;Christentum
9783525580066;Evangelische Religionspädagogik;Evangelischer Religionsunterricht
9783525534557;Ägypten (Altertum);Fernhandel;Levante
9783525461532;ISBN nicht bei DNB vorhanden
9783525462027;Kind;Psychose;Psychoanalyse;Kind;Schizophrenie;Psychoanalyse
9783525539729;Bibel-+-Orient-Museum (Freiburg im Üechtland);Ägypten (Altertum);Amulett;Mensch (Motiv);Bibel-+-Orient-Museum (Freiburg im Üechtland);Ägypten (Altertum);Amulett;Tierdarstellung;Anthropomorphismus
9783525265499;keine Schlagworte bei DNB vorhanden
9783525360712;Europa;Gollwitzer, Heinz
9783525208533;Deutschland (DDR);Schriftsteller;Literaturproduktion;Selbstverständnis;Kontinuität;Deutschland (Östliche Länder)
9783525459027;ISBN nicht bei DNB vorhanden
9783525604106;keine Schlagworte bei DNB vorhanden
9783525690024;Deutschland;Evangelische Gemeinde;Gemeindewachstum
9783525101155;keine Schlagworte bei DNB vorhanden
9783525581728;Eschatologie;Hoffnung;Glaube;Evangelische Kirche
9783525563397;Kierkegaard, Søren;Sygdommen til døden;Sünde;Verzweiflung;Selbstwertgefühl;Sünde;Rechtfertigung;Selbstwertgefühl;Evangelische Theologie
9783525490822;ISBN nicht bei DNB vorhanden
9783525530542;Assyrien;Relief;Ikonographie
9783525595008;ISBN nicht bei DNB vorhanden
9783525825211;ISBN nicht bei DNB vorhanden
9783525100288;Naturkundliche Sammlung
9783525710388;ISBN nicht bei DNB vorhanden
9783525572160;ISBN nicht bei DNB vorhanden
9783525716304;keine Schlagworte bei DNB vorhanden
9783525304075;Plato;Politicus
9783525401880;Asperger-Syndrom
9783525874448;ISBN nicht bei DNB vorhanden
9783525710739;keine Schlagworte bei DNB vorhanden
9783525614112;ISBN nicht bei DNB vorhanden
9783525624302;Gottesdienst;Evangelische Kirche;Liturgik;Ökumenische Theologie
9783525630457;Pfingsten;Gottesdienst;Predigt;Evangelische Kirche
9783525350669;Niedersächsisches Staatsarchiv (Bückeburg);Schaumburg (Niedersachsen);Juden
9783525451823;Kunstbetrachtung;Psychoanalyse;Künstler;Biografie;Kunst
9783525557587;ISBN nicht bei DNB vorhanden
9783525304341;keine Schlagworte bei DNB vorhanden
9783525358733;Deutschland;Partikularsynode;Polen;Partikularsynode;Böhmische Länder;Partikularsynode
9783525530061;Altes Testament;Löwe;Altes Testament;Löwe;Metapher;Alter Orient;Löwe (Motiv);Künste
9783525535967;keine Schlagworte bei DNB vorhanden
9783525776131;keine Schlagworte bei DNB vorhanden
9783525458099;ISBN nicht bei DNB vorhanden
9783525554524;keine Schlagworte bei DNB vorhanden
9783525630020;Kommunikationsverhalten;Gewaltlosigkeit;Biblische Person;Bibellektüre;Evangelische Kirche
9783525315408;Lernstörung;Schüler;Beratungsgespräch;Gesprächsführung;Lehrer
9783525358672;Europa;Christentum;Gewalt;Europa;Konfessionalisierung;Gewalt
9783525574515;Deutschland (Bundesrepublik);Protestantismus;Politisierung;Deutschland (Bundesrepublik);Politischer Protestantismus;Evangelische Theologie
9783525802113;ISBN nicht bei DNB vorhanden
9783525401576;Winnicott, Donald W.
9783525616017;keine Schlagworte bei DNB vorhanden
9783525351932;Deutschland;Historismus;Deutschland;Geschichtsphilosophie;Deutschland;Kulturkritik
9783525616154;Bibel;Erzählen;Gemeindearbeit;Evangelische Kirche
9783525100349;Mähren;Hutterer
9783525825419;Araber;Tinte;Rezeptur;Araber;Tusche;Rezeptur
9783525543900;Altes Testament;Prophetie;Altertum;Prophetie
9783525256497;keine Schlagworte bei DNB vorhanden
9783525361993;ISBN nicht bei DNB vorhanden
9783525503355;keine Schlagworte bei DNB vorhanden
9783525701720;keine Schlagworte bei DNB vorhanden
9783525461976;Kollegiale Beratung
9783525581766;Kreuzigung Jesu;Sühnetod;Soteriologie;Evangelischer Religionsunterricht;Theologia crucis;Rezeption;Jugend;Evangelische Religionspädagogik
9783525208366;Althochdeutsch;Mittelhochdeutsch
9783525716212;ISBN nicht bei DNB vorhanden
9783525614075;ISBN nicht bei DNB vorhanden
9783525539637;Paulus, Apostel, Heiliger;Thessalonicherbrief, II., 2,1-12 (Paulus, Apostel, Heiliger);Apokalyptik;Paulus, Apostel, Heiliger;Thessalonicherbrief, II., 2,1-12 (Paulus, Apostel, Heiliger);Exegese;Paulus, Apostel, Heiliger;Thessalonicherbrief, II., 2,1-12 (Paulus, Apostel, Heiliger);Zeithintergrund
9783525252437;ISBN nicht bei DNB vorhanden
9783525363850;Deutschland;Finanzpolitik;Öffentlicher Haushalt
9783525367001;ISBN nicht bei DNB vorhanden
9783525301623;Sterbehilfe
9783525776315;Kinderlied;Bewegungsspiel;Religionsunterricht;Grundschule
9783525258156;keine Schlagworte bei DNB vorhanden
9783525776377;keine Schlagworte bei DNB vorhanden
9783525713990;ISBN nicht bei DNB vorhanden
9783525642016;ISBN nicht bei DNB vorhanden
9783525534489;keine Schlagworte bei DNB vorhanden
9783525642047;ISBN nicht bei DNB vorhanden
9783525300343;Sozialgeschichte (Fach)
9783525871218;Glaube;Katholische Kirche;Evangelische Kirche;Ökumene
9783525351949;Mannheim, Karl;Wissenssoziologie;Historismus
9783525613443;ISBN nicht bei DNB vorhanden
9783525540039;Frühchristentum;Kultur;Christentum
9783525623749;Armut;Diakonie
9783525300473;Europa;Geschichtsatlas;Kolonialismus;Darstellung;Spatial turn
9783525252932;Quintus, Smyrnaeus;Posthomerica 1
9783525503324;keine Schlagworte bei DNB vorhanden
9783525624265;keine Schlagworte bei DNB vorhanden
9783525595350;Literarischer Text;Gottesdienst;Evangelische Kirche
9783525534052;Syrohexapla;Könige (Buch), I.;Hexapla;Textkritik
9783525407301;ISBN nicht bei DNB vorhanden
9783525530436;ISBN nicht bei DNB vorhanden
9783525710937;keine Schlagworte bei DNB vorhanden
9783525259573;keine Schlagworte bei DNB vorhanden
9783525610152;Religionsunterricht;Sekundarstufe 2;Evangelische Religionspädagogik;Religionsunterricht;Sekundarstufe 2;Evangelische Religionspädagogik
9783525874431;ISBN nicht bei DNB vorhanden
9783525630303;Prädikant;Gottesdienst;Evangelische Kirche
9783525633908;Rom;Protestantismus;Rom;Christentum;Historische Stätte;Evangelische Theologie;Rom;Kirchenbau;Evangelische Kirche
9783525701010;Lehrer;Berufsethik
9783525210192;Medizin;Literatur;Krankheit (Motiv);Arzt (Motiv)
9783525401507;Systemische Therapie;Neurobiologie
9783525257593;Lateinunterricht
9783525516300;Paulus, Apostel, Heiliger;Römerbrief
9783525580226;Altenheim;Altenseelsorge;Gemeindearbeit;Evangelische Kirche
9783525604366;Kind;Menschenrecht;Religion
9783525458082;ISBN nicht bei DNB vorhanden
9783525718193;keine Schlagworte bei DNB vorhanden
9783525558393;Radikaler Pietismus
9783525252727;keine Schlagworte bei DNB vorhanden
9783525610435;Rut, Biblische Person;Religionsunterricht;Grundschule;David, Israel, König;Religionsunterricht;Grundschule
9783525776292;Christentum;Religionsunterricht;Schuljahr 4-6
9783525252482;Seneca, Lucius Annaeus, Philosophus;Tragödie;Sprechakt
9783525355763;Deutschland;Adel;Kollektives Gedächtnis;Deutschland;Bauer;Kollektives Gedächtnis
9783525553404;Deutschland;Judenverfolgung;Evangelische Kirche;Amtshilfe;Drittes Reich;Judenverfolgung;Evangelische Kirche;Amtshilfe;Nationalsozialismus;Rassenpolitik;Evangelische Kirche;Amtshilfe;Kirchenbuch;Reichssippenamt, Reichsstelle für Sippenforschung (1935-1940);Evangelische Kirche
9783525615379;Altes Testament;Biblische Person;Kirchliche Kinderarbeit
9783525521106;Gnosis
9783525710036;keine Schlagworte bei DNB vorhanden
9783525101162;Philipp I;Habsburger, Familie
9783525717028;ISBN nicht bei DNB vorhanden
9783525538852;Israel (Altertum);Prophetie;Alter Orient;Altes Testament;Prophetie;Zeithintergrund;Altes Testament / Prophetische Bücher;Traditionsgeschichtliche Forschung;Altes Testament / Prophetische Bücher;Formgeschichte
9783525604113;Spiritualität;Glaube;Alltag;Evangelische Kirche;Spiritualität;Glaube;Alltag;Andacht;Evangelische Kirche
9783525252802;Homerus;Heros;Götter (Motiv)
9783525595091;keine Schlagworte bei DNB vorhanden
9783525872420;Freie evangelische Gemeinde
9783525710593;keine Schlagworte bei DNB vorhanden
9783525534571;Septuaginta
9783525610114;Religionsunterricht;Grundschule
9783525369197;Ostmitteleuropa;Politischer Wandel
9783525310090;keine Schlagworte bei DNB vorhanden
9783525561270;Pannenberg, Wolfhart;Systematische Theologie;Pannenberg, Wolfhart;Theologie;Pannenberg, Wolfhart
9783525630570;keine Schlagworte bei DNB vorhanden
9783525100905;ISBN nicht bei DNB vorhanden
9783525615089;keine Schlagworte bei DNB vorhanden
9783525335642;ISBN nicht bei DNB vorhanden
9783525358443;Schlözer, August Ludwig von;Vorbereitung zur Weltgeschichte für Kinder;Geschichtsschreibung
9783525701645;Säkularisierung;Konfessionsloser;Schule;Religiöse Bildung;Evangelische Religionspädagogik
9783525710012;keine Schlagworte bei DNB vorhanden
9783525403563;Identität;Anpassung;Autonomie;Vielfalt
9783525871911;Evangelischer Bund in Österreich;Evangelischer Bund in Österreich
9783525255278;ISBN nicht bei DNB vorhanden
9783525602904;keine Schlagworte bei DNB vorhanden
9783525100745;Luther, Martin
9783525764022;Ethikunterricht;Schuljahr 8
9783525461860;ISBN nicht bei DNB vorhanden
9783525252659;Martialis, Marcus Valerius;Epigrammata;Vorwort;Statius, Publius Papinius;Silvae;Vorwort
9783525717547;keine Schlagworte bei DNB vorhanden
9783525475003;Naturwissenschaften;Ästhetische Wahrnehmung
9783525710647;Lateinunterricht;Schulleistungsmessung
9783525610053;Jesus Christus;Wunder;Evangelischer Religionsunterricht;Grundschule
9783525550755;Owen, John;Gottesdienst;Communio;Trinität;Reformierte Theologie
9783525717288;Sallustius Crispus, Gaius;De bello Iugurthino;Lateinunterricht
9783525354247;ISBN nicht bei DNB vorhanden
9783525710944;keine Schlagworte bei DNB vorhanden
9783525710104;keine Schlagworte bei DNB vorhanden
9783525581780;Jugendarbeit;Evangelische Kirche;Ehrenamtlicher Mitarbeiter;Ausbildung
9783525550335;Reformation
9783525600092;Advent;Meditation;Weihnachten;Meditation
9783525610374;Islam;Religionsunterricht;Grundschule
9783525764121;Willensfreiheit;Ethikunterricht;Sekundarstufe 2
9783525100653;Europa;Küstenschifffahrt
9783525208595;Politische Lyrik
9783525572122;ISBN nicht bei DNB vorhanden
9783525610046;Angst;Geborgenheit;Evangelischer Religionsunterricht;Grundschule
9783525367216;Tanzsucht
9783525564110;keine Schlagworte bei DNB vorhanden
9783525595145;Familiengottesdienst;Evangelische Kirche;Kirchenjahr
9783525300404;Deutschland;Religion
9783525100769;Göhring, Martin
9783525456071;ISBN nicht bei DNB vorhanden
9783525615881;keine Schlagworte bei DNB vorhanden
9783525490501;China;Führungskraft;Auslandstätigkeit;Deutsche
9783525570241;Anthropologie
9783525261613;ISBN nicht bei DNB vorhanden
9783525360743;Deutschland;Reformation;Vorsehung;Chronistik;Katholizismus;Deutschland;Reformation;Vorsehung;Kontroverstheologie;Deutschland;Reich;Kirche;Chronistik;Katholizismus;Deutschland;Reich;Kirche;Kontroverstheologie
9783525559093;ISBN nicht bei DNB vorhanden
9783525340332;Unternehmen;Betriebswirtschaftslehre;Marktwirtschaft
9783525536155;Evangelien;Apostelgeschichte;Pharisäer
9783525630051;Kindergottesdienst;Evangelische Kirche;Vorschulkind
9783525100547;ISBN nicht bei DNB vorhanden
9783525539538;Paulus, Apostel, Heiliger;Pastoralbriefe;Exegese;Intertextualität
9783525265420;keine Schlagworte bei DNB vorhanden
9783525543801;Alter Orient;Tod;Bestattung;Totenkult
9783525557501;Osterloh, Edo
9783525515006;ISBN nicht bei DNB vorhanden
9783525461518;ISBN nicht bei DNB vorhanden
9783525461082;ISBN nicht bei DNB vorhanden
9783525710951;keine Schlagworte bei DNB vorhanden
9783525825242;Aeschylus;Prometheus vinctus
9783525614129;ISBN nicht bei DNB vorhanden
9783525404461;Organisationsberatung;Supervision
9783525557723;Israel;Wahrnehmung;Deutschland (Bundesrepublik);Protestantismus;Evangelische Publizistik
9783525701553;Kreativitätserziehung;Stressbewältigung;Erzählung;Phantasiereise;Grundschule
9783525614020;ISBN nicht bei DNB vorhanden
9783525801987;ISBN nicht bei DNB vorhanden
9783525370124;Conze, Werner
9783525630464;Lesepredigt;Gottesdienst;Evangelische Kirche;Perikope;Gottesdienst;Evangelische Kirche
9783525304310;Plato;Critias
9783525623923;Gesprächsführung;Seelsorgegespräch;Gesprächsführung;Beratungsgespräch
9783525461693;ISBN nicht bei DNB vorhanden
9783525530290;Könige (Buch), I. II. 
9783525100493;ISBN nicht bei DNB vorhanden
9783525461754;Selbstmordverhütung;Internet;Psychosoziale Beratung;Selbstmordgefährdung;Internet
9783525710197;ISBN nicht bei DNB vorhanden
9783525300657;Indien;Japan;Jesuiten;Mission
9783525559116;ISBN nicht bei DNB vorhanden
9783525802007;ISBN nicht bei DNB vorhanden
9783525710586;ISBN nicht bei DNB vorhanden
9783525790083;Deutsch;Grammatik
9783525610459;Lehrer;Interaktion;Schüler;Pädagogische Psychologie
9783525521915;ISBN nicht bei DNB vorhanden
9783525503348;keine Schlagworte bei DNB vorhanden
9783525802038;ISBN nicht bei DNB vorhanden
9783525369173;Deutschland;Zeugen Jehovas;Nationalsozialismus;Verfolgung;Deutschland (DDR);Zeugen Jehovas;Verfolgung
9783525550625;Hebräisch;Aramäisch;Epigraphik;Israel (Altertum);Inschrift
9783525776384;keine Schlagworte bei DNB vorhanden
9783525776445;keine Schlagworte bei DNB vorhanden
9783525355756;Deutschland;Protestantismus;Kulturelle Identität;Deutschland;Reformation;Kollektives Gedächtnis
9783525641989;keine Schlagworte bei DNB vorhanden
9783525100332;England;Religiöse Gemeinschaft;England;Konfessionalisierung;England;Konfessionalismus;Irenik;England;Kirchenpolitik
9783525530276;Altes Testament;Dämon;Israel (Altertum);Dämonologie
9783525580158;Taufe;Gemeindearbeit;Evangelische Kirche
9783525259535;keine Schlagworte bei DNB vorhanden
9783525351574;Deutschland;Nationalismus
9783525358948;Deutsch;Literatur;Huldigung (Motiv);Weimar;Hof
9783525551943;Epiphanius, Constantiensis;Ancoratus;Epiphanius, Constantiensis;Ancoratus;Trinitätslehre
9783525610237;Evangelischer Religionsunterricht;Stationenarbeit;Sekundarstufe 1
9783525543795;Sumerisch;Attinger, Pascal
9783525718247;keine Schlagworte bei DNB vorhanden
9783525773048;keine Schlagworte bei DNB vorhanden
9783525252680;Boethius, Anicius Manlius Severinus;Quadrivium
9783525614891;keine Schlagworte bei DNB vorhanden
9783525710272;keine Schlagworte bei DNB vorhanden
9783525207697;keine Schlagworte bei DNB vorhanden
9783525801994;ISBN nicht bei DNB vorhanden
9783525543771;ISBN nicht bei DNB vorhanden
9783525521014;Glaubensbekenntnis;Lutherische Kirche
9783525633144;keine Schlagworte bei DNB vorhanden
9783525367131;Mittelhochdeutsch;Literatur;Möglichkeit
9783525101940;Europa;Friedensverhandlung;Diplomatie;Rhetorik;Übersetzung;Verkehrssprache
9783525620076;Lesepredigt;Gottesdienst;Evangelische Kirche;Kirchenjahr;Perikope;Gottesdienst;Evangelische Kirche;Kirchenjahr
9783525369531;ISBN nicht bei DNB vorhanden
9783525718179;keine Schlagworte bei DNB vorhanden
9783525100387;Ulm;Abendmahlsstreit;Ulm;Abendmahlspraxis;Kirchenzucht
9783525543818;Deuteronomistisches Geschichtswerk;Bund Gottes;Assyrer;Herrschaftssystem;Ideologie
9783525569849;Schöpfung;Evolutionstheorie;Evolution;Kultur;Evolutionäre Erkenntnistheorie
9783525301616;Hegel, Georg Wilhelm Friedrich;Dialektik
9783525580127;Historische Kritik;Theologie;Religionsunterricht
9783525358016;Krefeld;Mennoniten;Seidenweberei;Grefrath;Seidenhandel;Krefeld
9783525458129;ISBN nicht bei DNB vorhanden
9783525369302;ISBN nicht bei DNB vorhanden
9783525369906;Homberg, Naphtali Herz;Galizien;Jüdische Schule;Grundschule;Haskala
9783525770054;keine Schlagworte bei DNB vorhanden
9783525717387;keine Schlagworte bei DNB vorhanden
9783525776469;keine Schlagworte bei DNB vorhanden
9783525255223;ISBN nicht bei DNB vorhanden
9783525200179;Deutsch;Kriegsroman;Identitätsentwicklung;Patriotismus
9783525014530;ISBN nicht bei DNB vorhanden
9783525710678;keine Schlagworte bei DNB vorhanden
9783525691021;Evangelische Theologie;Evangelische Kirche;Interkonfessionelles Gespräch;Katholische Kirche;Kloster;Evangelische Kirche;Hirschler, Horst
9783525452417;Handlung;Rationalität;Psychologie;Philosophie
9783525558331;Arndt, Johann
9783525533987;Neues Testament;Exegese;Bachmann, Michael
9783525369050;Radikalismus;Ideologie;Vergleich
9783525806067;Trauerarbeit;Kunst
9783525351895;Bischof;Mord
9783525776223;keine Schlagworte bei DNB vorhanden
9783525259580;keine Schlagworte bei DNB vorhanden
9783525874400;ISBN nicht bei DNB vorhanden
9783525572115;Liturgik;Evangelische Theologie;Liturgie;Evangelische Kirche;Gottesdienst;Evangelische Kirche
9783525534267;keine Schlagworte bei DNB vorhanden
9783525535462;Patriarchenerzählung;Josefserzählung;Priesterschrift;Textgeschichte
9783525369654;Wulf, Joseph
9783525616208;keine Schlagworte bei DNB vorhanden
9783525516966;keine Schlagworte bei DNB vorhanden
9783525600078;keine Schlagworte bei DNB vorhanden
9783525563373;Luther, Martin;Rechtfertigungslehre;Ethik;Luther, Martin;Christliche Sozialethik
9783525017241;ISBN nicht bei DNB vorhanden
9783525278192;ISBN nicht bei DNB vorhanden
9783525450109;Psychotherapie;Individualpsychologie
9783525362662;ISBN nicht bei DNB vorhanden
9783525614884;Evangelischer Religionsunterricht
9783525368022;Europa;Intellektueller
9783525530474;ISBN nicht bei DNB vorhanden
9783525716250;keine Schlagworte bei DNB vorhanden
9783525825280;Deuteronomium;Textgeschichte;Ezechiel (Buch);Textgeschichte
9783525354599;ISBN nicht bei DNB vorhanden
9783525615539;Jesus Christus;Religionsunterricht;Jesus Christus;Konfirmandenunterricht;Jesus Christus;Jugendkatechese
9783525613894;ISBN nicht bei DNB vorhanden
9783525370094;England;Unterschicht;Konservativismus
9783525710418;Latein;Konjugation;Lateinunterricht
9783525580059;Konfirmandenunterricht
9783525360781;Preußen;Reichsritterschaft;Mediatisierung
9783525370315;Bruttonationaleinkommen
9783525105269;keine Schlagworte bei DNB vorhanden
9783525556443;ISBN nicht bei DNB vorhanden
9783525559079;ISBN nicht bei DNB vorhanden
9783525351628;ISBN nicht bei DNB vorhanden
9783525461525;ISBN nicht bei DNB vorhanden
9783525561300;Raskolniki
9783525776278;Jesus Christus;Judas, Iskariot;Religionsunterricht;Sekundarstufe 2
9783525610350;Christentum;Religionsunterricht;Grundschule
9783525710043;keine Schlagworte bei DNB vorhanden
9783525358535;Philippshospital (Riedstadt);Provinzial-Irren-Heilanstalt Siegburg
9783525702178;keine Schlagworte bei DNB vorhanden
9783525717295;Lateinunterricht
9783525581735;keine Schlagworte bei DNB vorhanden
9783525100936;Druckmedien;Politische Publizistik;Kommunikation;Nachrichtenwesen
9783525360705;Bayern;Regierung;Protokoll
9783525610244;Schulgottesdienst;Evangelische Kirche;Sekundarstufe 1
9783525491157;Jugend;Borderline-Persönlichkeitsstörung;Jugend;Selbstbeschädigung
9783525595220;keine Schlagworte bei DNB vorhanden
9783525363744;Deutschland (DDR);Bildungswesen
9783525802106;ISBN nicht bei DNB vorhanden
9783525264003;keine Schlagworte bei DNB vorhanden
