ISBN	SWA	SW	Dublette
3525207905		Bürgerliche Gesellschaft	3525207905Bürgerliche Gesellschaft
3525207905		Medien	3525207905Medien
3525207905		Kultur	3525207905Kultur
3525252390		Arkadien	3525252390Arkadien
3525252439		Griechisch	3525252439Griechisch
3525252439		Rhetorik	3525252439Rhetorik
3525252439		Analogie	3525252439Analogie
3525252439		Argumentation	3525252439Argumentation
3525252439		Latein	3525252439Latein
3525252706		Herzog, Reinhart	3525252706Herzog, Reinhart
3525252706		Latein	3525252706Latein
3525252706		Frühchristentum	3525252706Frühchristentum
3525252706		Literatur	3525252706Literatur
3525252706		Lateinische Kirchenväter	3525252706Lateinische Kirchenväter
3525304013		Plato	3525304013Plato
3525304013		Apologia	3525304013Apologia
3525351623		Geschichtswissenschaft	3525351623Geschichtswissenschaft
3525351739		Zürich	3525351739Zürich
3525351739		Gotteslästerung	3525351739Gotteslästerung
3525351798		Vierhaus, Rudolf	3525351798Vierhaus, Rudolf
3525351798		Deutschland	3525351798Deutschland
3525351798		Geschichtswissenschaft	3525351798Geschichtswissenschaft
3525354592		Europa	3525354592Europa
3525354592		Religion	3525354592Religion
3525354592		Frömmigkeit	3525354592Frömmigkeit
3525354592		Theologie	3525354592Theologie
3525354592		Johannes-Apokalypse	3525354592Johannes-Apokalypse
3525354592		Rezeption	3525354592Rezeption
3525354592		Eschatologie	3525354592Eschatologie
3525355734		Zirkulation	3525355734Zirkulation
3525355734		Kulturwissenschaften	3525355734Kulturwissenschaften
3525362129		Deutschland	3525362129Deutschland
3525362129		Höhere Schule	3525362129Höhere Schule
3525362668		Deutschland	3525362668Deutschland
3525362668		Geschichtsschreibung	3525362668Geschichtsschreibung
3525362692		Römisches Recht	3525362692Römisches Recht
3525367007		Römisches Reich	3525367007Römisches Reich
3525367007		Politisches Verhalten	3525367007Politisches Verhalten
3525367007		Ritual	3525367007Ritual
3525391617		Göttingen	3525391617Göttingen
3525391617		Gedenktafel	3525391617Gedenktafel
3525458681		Posttraumatisches Stresssyndrom	3525458681Posttraumatisches Stresssyndrom
3525458851		Tourette-Syndrom	3525458851Tourette-Syndrom
3525458924		Posttraumatisches Stresssyndrom	3525458924Posttraumatisches Stresssyndrom
3525458924		Psychotherapie	3525458924Psychotherapie
3525459025		Selbstmordgefährdung	3525459025Selbstmordgefährdung
3525459025		Psychoanalyse	3525459025Psychoanalyse
3525461631		Drogentherapie	3525461631Drogentherapie
3525461690		Assessment-Center	3525461690Assessment-Center
3525461704		Krebs (Medizin)	3525461704Krebs (Medizin)
3525461704		Systemische Familientherapie	3525461704Systemische Familientherapie
3525480032		Schulgebäude	3525480032Schulgebäude
3525480032		Raumakustik	3525480032Raumakustik
3525490046		Selbsterkenntnis	3525490046Selbsterkenntnis
3525490046		Coaching	3525490046Coaching
3525503237		Evangelisches Gesangbuch (Werk)	3525503237Evangelisches Gesangbuch (Werk)
3525503237		Kirchenlieddichter	3525503237Kirchenlieddichter
3525503237		Kirchenlied	3525503237Kirchenlied
3525503237		Komponist	3525503237Komponist
3525510004		Paulus, Apostel, Heiliger	3525510004Paulus, Apostel, Heiliger
3525510004		Philemonbrief	3525510004Philemonbrief
3525510004		Exegese	3525510004Exegese
3525510004		Papyrologie	3525510004Papyrologie
3525515006		Lukasevangelium	3525515006Lukasevangelium
3525530471		Kohelet	3525530471Kohelet
3525530471		Das Böse	3525530471Das Böse
3525530471		Das Gute	3525530471Das Gute
3525530471		Gottesgericht	3525530471Gottesgericht
3525538804		Jeremia (Buch)	3525538804Jeremia (Buch)
3525538804		Thora	3525538804Thora
3525538804		Deuteronomium	3525538804Deuteronomium
3525538804		Rezeption	3525538804Rezeption
3525538804		Exegese	3525538804Exegese
3525538820		Matthäusevangelium 11-13	3525538820Matthäusevangelium 11-13
3525538820		Traditionsgeschichtliche Forschung	3525538820Traditionsgeschichtliche Forschung
3525538820		Christologie	3525538820Christologie
3525538820		Exegese	3525538820Exegese
3525538839		Paulus, Apostel, Heiliger	3525538839Paulus, Apostel, Heiliger
3525538839		Korintherbrief, I. (Paulus, Apostel, Heiliger)	3525538839Korintherbrief, I. (Paulus, Apostel, Heiliger)
3525538839		Soteriologie	3525538839Soteriologie
3525543883		Ischtar	3525543883Ischtar
3525543883		Astarte	3525543883Astarte
3525543883		Aphrodite	3525543883Aphrodite
3525554486		Schleiermacher, Friedrich	3525554486Schleiermacher, Friedrich
3525554486		Theologie	3525554486Theologie
3525554486		Philosophie	3525554486Philosophie
3525554486		Rezeption	3525554486Rezeption
3525565496		Rosenkreuzer	3525565496Rosenkreuzer
3525602898		Homiletik	3525602898Homiletik
3525602898		Dramaturgie	3525602898Dramaturgie
3525602898		Evangelische Theologie	3525602898Evangelische Theologie
3525602898		Predigt	3525602898Predigt
3525602898		Evangelische Kirche	3525602898Evangelische Kirche
3525613962		Jesus Christus	3525613962Jesus Christus
3525613962		Film	3525613962Film
3525613962		Religionspädagogik	3525613962Religionspädagogik
3525613962		Religionsunterricht	3525613962Religionsunterricht
3525614020		Kunst	3525614020Kunst
3525614020		Fächerübergreifender Unterricht	3525614020Fächerübergreifender Unterricht
3525614071		Religionsunterricht	3525614071Religionsunterricht
3525614071		Schuljahr 5-6	3525614071Schuljahr 5-6
3525716230		Sallustius Crispus, Gaius	3525716230Sallustius Crispus, Gaius
3525716230		De coniuratione Catilinae	3525716230De coniuratione Catilinae
3525716230		Lateinunterricht	3525716230Lateinunterricht
3525716230		Gymnasium	3525716230Gymnasium
3525716230		Oberstufe	3525716230Oberstufe
3525717016		Römisches Reich	3525717016Römisches Reich
3525717016		Philosophie	3525717016Philosophie
3525717016		Lateinunterricht	3525717016Lateinunterricht
3525717024		Kleopatra VII	3525717024Kleopatra VII
3525717024		Lateinunterricht	3525717024Lateinunterricht
3525717040		Phaedrus	3525717040Phaedrus
3525717040		Fabulae	3525717040Fabulae
3525717040		Lateinunterricht	3525717040Lateinunterricht
3525717075		Lateinunterricht	3525717075Lateinunterricht
3525717083		Römisches Reich	3525717083Römisches Reich
3525717083		Frau	3525717083Frau
3525717083		Lateinunterricht	3525717083Lateinunterricht
3525825161		Akademie der Wissenschaften zu Göttingen	3525825161Akademie der Wissenschaften zu Göttingen
3525825218		Motiv	3525825218Motiv
3525825218		Literaturwissenschaft	3525825218Literaturwissenschaft
3525825218		Thema	3525825218Thema
3525825218		Literatur	3525825218Literatur
3525871902		Kirchliches Amt	3525871902Kirchliches Amt
3525871902		Ökumenische Theologie	3525871902Ökumenische Theologie
3525871902		Ökumene	3525871902Ökumene
3525871902		Dialog	3525871902Dialog
3525871902		Interkonfessionelles Gespräch	3525871902Interkonfessionelles Gespräch
